payment_amount,fine_amount,amount_due,plate,interest_amount,issuing_agency,violation,summons_number,violation_time,penalty_amount,precinct,judgment_entry_date,reduction_amount,violation_status,county,issue_date,summons_image,state,license_type
0,35,0,FDF1643,0,TRAFFIC,FAIL TO DSPLY MUNI METER RECPT,8255528751,01:39P,0,103,,35,HEARING HELD-NOT GUILTY,Q,05/26/2016,"{'url': 'http://nycserv.nyc.gov/NYCServWeb/ShowImage?searchID=VDBSSk1VNVVWWGxQUkdNeFRWRTlQUT09&locationName=_____________________', 'description': 'View Summons'}",NY,PAS
0,35,0,HFB7849,0,TRAFFIC,EXPIRED MUNI METER,8255528787,01:53P,0,103,,35,HEARING HELD-NOT GUILTY,Q,05/26/2016,"{'url': 'http://nycserv.nyc.gov/NYCServWeb/ShowImage?searchID=VDBSSk1VNVVWWGxQUkdNMFRuYzlQUT09&locationName=_____________________', 'description': 'View Summons'}",NY,PAS
45,35,0,H27DZP,0,TRAFFIC,FAIL TO DSPLY MUNI METER RECPT,8254520045,02:00P,10,068,,0,,K,03/28/2016,"{'url': 'http://nycserv.nyc.gov/NYCServWeb/ShowImage?searchID=VDBSSk1VNUVWWGxOUkVFd1RsRTlQUT09&locationName=_____________________', 'description': 'View Summons'}",NJ,PAS
35,35,0,ESZ9817,0,TRAFFIC,EXPIRED MUNI METER,8254520094,04:08P,0,068,,0,HEARING HELD-GUILTY,K,03/28/2016,"{'url': 'http://nycserv.nyc.gov/NYCServWeb/ShowImage?searchID=VDBSSk1VNUVWWGxOUkVFMVRrRTlQUT09&locationName=_____________________', 'description': 'View Summons'}",NY,PAS
0,35,0,CNC1462,0,TRAFFIC,EXPIRED MUNI METER,8254523666,05:27P,0,076,,35,HEARING HELD-NOT GUILTY,K,04/26/2016,"{'url': 'http://nycserv.nyc.gov/NYCServWeb/ShowImage?searchID=VDBSSk1VNUVWWGxOZWxreVRtYzlQUT09&locationName=_____________________', 'description': 'View Summons'}",NY,PAS
0,35,0,T668005C,0,TRAFFIC,FAIL TO DSPLY MUNI METER RECPT,8254523903,04:49P,0,068,,35,HEARING HELD-NOT GUILTY,K,04/28/2016,"{'url': 'http://nycserv.nyc.gov/NYCServWeb/ShowImage?searchID=VDBSSk1VNUVWWGxOZW10M1RYYzlQUT09&locationName=_____________________', 'description': 'View Summons'}",NY,OMT
75,45,0,GEX3397,0,TRAFFIC,NO PARKING-STREET CLEANING,8255005262,11:50A,60,048,,30,,BX,02/11/2016,"{'url': 'http://nycserv.nyc.gov/NYCServWeb/ShowImage?searchID=VDBSSk1VNVVRWGRPVkVreVRXYzlQUT09&locationName=_____________________', 'description': 'View Summons'}",NY,PAS
145,115,0,GRH4832,0,TRAFFIC,NO STANDING-BUS STOP,8255014913,03:00A,30,046,,0,,BX,03/12/2016,"{'url': 'http://nycserv.nyc.gov/NYCServWeb/ShowImage?searchID=VDBSSk1VNVVRWGhPUkd0NFRYYzlQUT09&locationName=_____________________', 'description': 'View Summons'}",NY,PAS
45,35,0,GPK5251,0,TRAFFIC,FAIL TO DSPLY MUNI METER RECPT,8255016569,03:17P,30,052,,20,,BX,03/17/2016,"{'url': 'http://nycserv.nyc.gov/NYCServWeb/ShowImage?searchID=VDBSSk1VNVVRWGhPYWxVeVQxRTlQUT09&locationName=_____________________', 'description': 'View Summons'}",NY,PAS
,,,EAB5872,,,,1139461722,,,,,,,,05/29/2008,"{'url': 'http://nycserv.nyc.gov/NYCServWeb/ShowImage?searchID=VFZSRmVrOVVVVEpOVkdONVRXYzlQUT09&locationName=_____________________', 'description': 'View Summons'}",NY,PAS
125,115,0,T683617C,0,TRAFFIC,NO STANDING-DAY/TIME LIMITS,8255017331,08:43A,10,052,,0,,BX,03/25/2016,"{'url': 'http://nycserv.nyc.gov/NYCServWeb/ShowImage?searchID=VDBSSk1VNVVRWGhPZWsxNlRWRTlQUT09&locationName=_____________________', 'description': 'View Summons'}",NY,OMT
45,35,0,T683617C,0,TRAFFIC,FAIL TO DSPLY MUNI METER RECPT,8255017355,09:10A,10,052,,0,,BX,03/25/2016,"{'url': 'http://nycserv.nyc.gov/NYCServWeb/ShowImage?searchID=VDBSSk1VNVVRWGhPZWsweFRsRTlQUT09&locationName=_____________________', 'description': 'View Summons'}",NY,OMT
70,60,0,CPFA34,0,TRAFFIC,NO PARKING-DAY/TIME LIMITS,8255017434,06:20A,10,042,,0,,BX,03/28/2016,"{'url': 'http://nycserv.nyc.gov/NYCServWeb/ShowImage?searchID=VDBSSk1VNVVRWGhPZWxGNlRrRTlQUT09&locationName=_____________________', 'description': 'View Summons'}",FL,PAS
55,45,0,BAS4428,0,TRAFFIC,NO PARKING-STREET CLEANING,8255017800,11:40A,10,042,,0,,BX,03/28/2016,"{'url': 'http://nycserv.nyc.gov/NYCServWeb/ShowImage?searchID=VDBSSk1VNVVRWGhPZW1kM1RVRTlQUT09&locationName=_____________________', 'description': 'View Summons'}",NY,PAS
55,45,0,FLL6734,0,TRAFFIC,NO PARKING-STREET CLEANING,8255020160,09:40A,10,050,,0,,BX,04/07/2016,"{'url': 'http://nycserv.nyc.gov/NYCServWeb/ShowImage?searchID=VDBSSk1VNVVRWGxOUkVVeVRVRTlQUT09&locationName=_____________________', 'description': 'View Summons'}",NY,PAS
35,35,0,CZM7744,0,TRAFFIC,FAIL TO DSPLY MUNI METER RECPT,8255022508,11:08A,0,048,,0,,BX,04/29/2016,"{'url': 'http://nycserv.nyc.gov/NYCServWeb/ShowImage?searchID=VDBSSk1VNVVRWGxOYWxWM1QwRTlQUT09&locationName=_____________________', 'description': 'View Summons'}",NY,PAS
0,115,0,732368N,0,TRAFFIC,FIRE HYDRANT,8255022600,07:39A,0,044,,115,HEARING HELD-NOT GUILTY,BX,05/02/2016,"{'url': 'http://nycserv.nyc.gov/NYCServWeb/ShowImage?searchID=VDBSSk1VNVVRWGxOYWxsM1RVRTlQUT09&locationName=_____________________', 'description': 'View Summons'}",NJ,PAS
45,45,0,GXK8122,0,TRAFFIC,NO PARKING-STREET CLEANING,8255022752,09:18A,0,044,,0,,BX,05/02/2016,"{'url': 'http://nycserv.nyc.gov/NYCServWeb/ShowImage?searchID=VDBSSk1VNVVRWGxOYW1NeFRXYzlQUT09&locationName=_____________________', 'description': 'View Summons'}",NY,PAS
45,45,0,GLR8055,0,TRAFFIC,NO PARKING-STREET CLEANING,8255022909,11:43A,0,044,,0,,BX,05/02/2016,"{'url': 'http://nycserv.nyc.gov/NYCServWeb/ShowImage?searchID=VDBSSk1VNVVRWGxOYW10M1QxRTlQUT09&locationName=_____________________', 'description': 'View Summons'}",NY,PAS
65,65,0,GLR8055,0,TRAFFIC,FRONT OR BACK PLATE MISSING,8255022910,11:44A,0,044,,0,,BX,05/02/2016,"{'url': 'http://nycserv.nyc.gov/NYCServWeb/ShowImage?searchID=VDBSSk1VNVVRWGxOYW10NFRVRTlQUT09&locationName=_____________________', 'description': 'View Summons'}",NY,PAS
45,45,0,AG86024,0,TRAFFIC,NO PARKING-STREET CLEANING,8255023665,07:48A,0,042,,0,,BX,05/06/2016,"{'url': 'http://nycserv.nyc.gov/NYCServWeb/ShowImage?searchID=VDBSSk1VNVVRWGxOZWxreVRsRTlQUT09&locationName=_____________________', 'description': 'View Summons'}",AZ,PAS
45,45,0,Y63CSC,0,TRAFFIC,NO PARKING-STREET CLEANING,8255023800,09:37A,0,042,,0,,BX,05/06/2016,"{'url': 'http://nycserv.nyc.gov/NYCServWeb/ShowImage?searchID=VDBSSk1VNVVRWGxOZW1kM1RVRTlQUT09&locationName=_____________________', 'description': 'View Summons'}",FL,PAS
35,35,0,B35CZA,0,TRAFFIC,FAIL TO DSPLY MUNI METER RECPT,8255024098,11:24A,0,052,,0,,BX,05/07/2016,"{'url': 'http://nycserv.nyc.gov/NYCServWeb/ShowImage?searchID=VDBSSk1VNVVRWGxPUkVFMVQwRTlQUT09&locationName=_____________________', 'description': 'View Summons'}",NJ,PAS
92,115,0,55061MB,0,TRAFFIC,NO STANDING-DAY/TIME LIMITS,8255024815,03:41P,0,050,,23,HEARING HELD-GUILTY REDUCTION,BX,05/09/2016,"{'url': 'http://nycserv.nyc.gov/NYCServWeb/ShowImage?searchID=VDBSSk1VNVVRWGxPUkdkNFRsRTlQUT09&locationName=_____________________', 'description': 'View Summons'}",NY,COM
45,45,0,GWH9564,0,TRAFFIC,NO PARKING-STREET CLEANING,8255025479,11:56A,0,046,,0,,BX,05/11/2016,"{'url': 'http://nycserv.nyc.gov/NYCServWeb/ShowImage?searchID=VDBSSk1VNVVRWGxPVkZFelQxRTlQUT09&locationName=_____________________', 'description': 'View Summons'}",NY,PAS
,,,T777259C,,,,8759483570,,,,,,,,07/10/2020,"{'url': 'http://nycserv.nyc.gov/NYCServWeb/ShowImage?searchID=VDBSak1VOVVVVFJOZWxVelRVRTlQUT09&locationName=_____________________', 'description': 'View Summons'}",NY,PAS
45,45,0,T623038C,0,TRAFFIC,NO PARKING-STREET CLEANING,8255027932,12:25P,0,042,,0,HEARING PENDING,BX,05/20/2016,"{'url': 'http://nycserv.nyc.gov/NYCServWeb/ShowImage?searchID=VDBSSk1VNVVRWGxPZW10NlRXYzlQUT09&locationName=_____________________', 'description': 'View Summons'}",NY,OMT
115,115,0,VAJ1131,0,TRAFFIC,DOUBLE PARKING,8255028330,11:26A,0,052,,0,HEARING PENDING,BX,05/23/2016,"{'url': 'http://nycserv.nyc.gov/NYCServWeb/ShowImage?searchID=VDBSSk1VNVVRWGxQUkUxNlRVRTlQUT09&locationName=_____________________', 'description': 'View Summons'}",VA,PAS
45,45,0,FBG1788,0,TRAFFIC,NO PARKING-STREET CLEANING,8255028626,11:42A,0,050,,0,HEARING PENDING,BX,05/24/2016,"{'url': 'http://nycserv.nyc.gov/NYCServWeb/ShowImage?searchID=VDBSSk1VNVVRWGxQUkZsNVRtYzlQUT09&locationName=_____________________', 'description': 'View Summons'}",NY,PAS
60,60,0,A17FHE,0,TRAFFIC,NO PARKING-DAY/TIME LIMITS,8255504229,02:36P,0,103,,0,,Q,01/17/2016,"{'url': 'http://nycserv.nyc.gov/NYCServWeb/ShowImage?searchID=VDBSSk1VNVVWWGRPUkVsNVQxRTlQUT09&locationName=_____________________', 'description': 'View Summons'}",NJ,PAS
35,35,0,GYP7100,0,TRAFFIC,FAIL TO DSPLY MUNI METER RECPT,8255504655,05:47P,0,112,,0,,Q,01/18/2016,"{'url': 'http://nycserv.nyc.gov/NYCServWeb/ShowImage?searchID=VDBSSk1VNVVWWGRPUkZreFRsRTlQUT09&locationName=_____________________', 'description': 'View Summons'}",NY,OMS
35,35,0,D25FNW,0,TRAFFIC,EXPIRED MUNI METER,8255510424,03:52P,0,102,,0,HEARING HELD-GUILTY,Q,02/18/2016,"{'url': 'http://nycserv.nyc.gov/NYCServWeb/ShowImage?searchID=VDBSSk1VNVVWWGhOUkZGNVRrRTlQUT09&locationName=_____________________', 'description': 'View Summons'}",NJ,PAS
115,115,0,10633JU,0,TRAFFIC,NO STANDING-DAY/TIME LIMITS,8255516906,01:26P,0,112,,0,HEARING HELD-GUILTY,Q,03/29/2016,"{'url': 'http://nycserv.nyc.gov/NYCServWeb/ShowImage?searchID=VDBSSk1VNVVWWGhPYW10M1RtYzlQUT09&locationName=_____________________', 'description': 'View Summons'}",NY,COM
65,65,0,T640936C,0,TRAFFIC,INSP. STICKER-EXPIRED/MISSING,8255518654,01:54P,0,106,,0,HEARING HELD-GUILTY,Q,04/11/2016,"{'url': 'http://nycserv.nyc.gov/NYCServWeb/ShowImage?searchID=VDBSSk1VNVVWWGhQUkZreFRrRTlQUT09&locationName=_____________________', 'description': 'View Summons'}",NY,OMT
115,115,0,19006MG,0,TRAFFIC,NO STANDING-BUS STOP,8255523741,01:52P,10,104,,10,,Q,04/27/2016,"{'url': 'http://nycserv.nyc.gov/NYCServWeb/ShowImage?searchID=VDBSSk1VNVVWWGxOZW1Nd1RWRTlQUT09&locationName=_____________________', 'description': 'View Summons'}",NY,COM
60,60,0,EDU2483,0,TRAFFIC,NO PARKING-DAY/TIME LIMITS,8255523960,01:21P,0,112,,0,,Q,04/28/2016,"{'url': 'http://nycserv.nyc.gov/NYCServWeb/ShowImage?searchID=VDBSSk1VNVVWWGxOZW1zeVRVRTlQUT09&locationName=_____________________', 'description': 'View Summons'}",NY,PAS
92,115,0,49694ME,0,TRAFFIC,NO STANDING-DAY/TIME LIMITS,8255524320,05:08P,0,112,,23,HEARING HELD-GUILTY REDUCTION,Q,04/29/2016,"{'url': 'http://nycserv.nyc.gov/NYCServWeb/ShowImage?searchID=VDBSSk1VNVVWWGxPUkUxNVRVRTlQUT09&locationName=_____________________', 'description': 'View Summons'}",NY,COM
60,60,0,FHW4134,0,TRAFFIC,NO PARKING-DAY/TIME LIMITS,8255524538,01:33P,0,102,,0,,Q,05/02/2016,"{'url': 'http://nycserv.nyc.gov/NYCServWeb/ShowImage?searchID=VDBSSk1VNVVWWGxPUkZWNlQwRTlQUT09&locationName=_____________________', 'description': 'View Summons'}",NY,PAS
35,35,0,FMJ9652,0,TRAFFIC,EXPIRED MUNI METER,8255524629,04:04P,0,102,,0,,Q,05/02/2016,"{'url': 'http://nycserv.nyc.gov/NYCServWeb/ShowImage?searchID=VDBSSk1VNVVWWGxPUkZsNVQxRTlQUT09&locationName=_____________________', 'description': 'View Summons'}",NY,PAS
115,115,0,JZY0410,0,TRAFFIC,CROSSWALK,8255524915,12:58P,0,102,,0,,Q,05/06/2016,"{'url': 'http://nycserv.nyc.gov/NYCServWeb/ShowImage?searchID=VDBSSk1VNVVWWGxPUkd0NFRsRTlQUT09&locationName=_____________________', 'description': 'View Summons'}",PA,PAS
92,115,0,42860JM,0,TRAFFIC,NO STANDING-DAY/TIME LIMITS,8255525452,01:28P,0,103,,23,HEARING HELD-GUILTY REDUCTION,Q,05/09/2016,"{'url': 'http://nycserv.nyc.gov/NYCServWeb/ShowImage?searchID=VDBSSk1VNVVWWGxPVkZFeFRXYzlQUT09&locationName=_____________________', 'description': 'View Summons'}",NY,COM
92,115,0,42909JM,0,TRAFFIC,NO STANDING-DAY/TIME LIMITS,8255525592,04:22P,0,103,,23,HEARING HELD-GUILTY REDUCTION,Q,05/09/2016,"{'url': 'http://nycserv.nyc.gov/NYCServWeb/ShowImage?searchID=VDBSSk1VNVVWWGxPVkZVMVRXYzlQUT09&locationName=_____________________', 'description': 'View Summons'}",NY,COM
35,35,0,GLU6957,0,TRAFFIC,EXPIRED MUNI METER,8255525658,04:51P,0,103,,0,,Q,05/09/2016,"{'url': 'http://nycserv.nyc.gov/NYCServWeb/ShowImage?searchID=VDBSSk1VNVVWWGxPVkZreFQwRTlQUT09&locationName=_____________________', 'description': 'View Summons'}",NY,PAS
60,60,0,5FDP68,0,TRAFFIC,NO PARKING-DAY/TIME LIMITS,8255525660,04:56P,0,103,,0,,Q,05/09/2016,"{'url': 'http://nycserv.nyc.gov/NYCServWeb/ShowImage?searchID=VDBSSk1VNVVWWGxPVkZreVRVRTlQUT09&locationName=_____________________', 'description': 'View Summons'}",MD,PAS
105,115,0,83462MH,0,TRAFFIC,NO STANDING-BUS STOP,8255525830,01:38P,0,112,,10,HEARING HELD-GUILTY REDUCTION,Q,05/12/2016,"{'url': 'http://nycserv.nyc.gov/NYCServWeb/ShowImage?searchID=VDBSSk1VNVVWWGxPVkdkNlRVRTlQUT09&locationName=_____________________', 'description': 'View Summons'}",NY,COM
115,115,0,BWL6126,0,TRAFFIC,NO STANDING-DAY/TIME LIMITS,8255526020,06:01P,0,102,,0,,Q,05/12/2016,"{'url': 'http://nycserv.nyc.gov/NYCServWeb/ShowImage?searchID=VDBSSk1VNVVWWGxPYWtGNVRVRTlQUT09&locationName=_____________________', 'description': 'View Summons'}",NY,PAS
45,45,0,62992ME,0,TRAFFIC,NO PARKING-STREET CLEANING,8255526080,12:47P,0,103,,0,,Q,05/13/2016,"{'url': 'http://nycserv.nyc.gov/NYCServWeb/ShowImage?searchID=VDBSSk1VNVVWWGxPYWtFMFRVRTlQUT09&locationName=_____________________', 'description': 'View Summons'}",NY,COM
105,115,0,62606JM,0,TRAFFIC,NO STANDING-BUS STOP,8255526195,01:28P,0,103,,10,HEARING HELD-GUILTY REDUCTION,Q,05/13/2016,"{'url': 'http://nycserv.nyc.gov/NYCServWeb/ShowImage?searchID=VDBSSk1VNVVWWGxPYWtVMVRsRTlQUT09&locationName=_____________________', 'description': 'View Summons'}",NY,COM
92,115,0,42860JM,0,TRAFFIC,NO STANDING-DAY/TIME LIMITS,8255526201,01:35P,0,103,,23,HEARING HELD-GUILTY REDUCTION,Q,05/13/2016,"{'url': 'http://nycserv.nyc.gov/NYCServWeb/ShowImage?searchID=VDBSSk1VNVVWWGxPYWtsM1RWRTlQUT09&locationName=_____________________', 'description': 'View Summons'}",NY,COM
105,115,0,42860JM,0,TRAFFIC,FIRE HYDRANT,8255526286,03:55P,0,103,,10,HEARING HELD-GUILTY REDUCTION,Q,05/13/2016,"{'url': 'http://nycserv.nyc.gov/NYCServWeb/ShowImage?searchID=VDBSSk1VNVVWWGxPYWtrMFRtYzlQUT09&locationName=_____________________', 'description': 'View Summons'}",NY,COM
92,115,0,12922JB,0,TRAFFIC,NO STANDING-DAY/TIME LIMITS,8255526572,05:30P,0,102,,23,HEARING HELD-GUILTY REDUCTION,Q,05/16/2016,"{'url': 'http://nycserv.nyc.gov/NYCServWeb/ShowImage?searchID=VDBSSk1VNVVWWGxPYWxVelRXYzlQUT09&locationName=_____________________', 'description': 'View Summons'}",NY,COM
105,115,0,33799KA,0,TRAFFIC,NO STANDING-BUS STOP,8255526780,03:05P,0,106,,10,HEARING HELD-GUILTY REDUCTION,Q,05/17/2016,"{'url': 'http://nycserv.nyc.gov/NYCServWeb/ShowImage?searchID=VDBSSk1VNVVWWGxPYW1NMFRVRTlQUT09&locationName=_____________________', 'description': 'View Summons'}",NY,COM
35,35,0,GLX2815,0,TRAFFIC,FAIL TO DSPLY MUNI METER RECPT,8255527588,01:20P,0,106,,0,HEARING PENDING,Q,05/21/2016,"{'url': 'http://nycserv.nyc.gov/NYCServWeb/ShowImage?searchID=VDBSSk1VNVVWWGxPZWxVMFQwRTlQUT09&locationName=_____________________', 'description': 'View Summons'}",NY,PAS
45,35,0,DPS2018,0,TRAFFIC,FAIL TO DSPLY MUNI METER RECPT,8256007126,09:51P,10,112,,0,HEARING HELD-GUILTY,Q,02/12/2016,"{'url': 'http://nycserv.nyc.gov/NYCServWeb/ShowImage?searchID=VDBSSk1VNXFRWGRPZWtWNVRtYzlQUT09&locationName=_____________________', 'description': 'View Summons'}",NY,PAS
115,115,0,AS297H,0,TRAFFIC,NO STANDING-BUS STOP,8256015688,06:58A,0,102,,0,HEARING HELD-GUILTY,Q,03/23/2016,"{'url': 'http://nycserv.nyc.gov/NYCServWeb/ShowImage?searchID=VDBSSk1VNXFRWGhPVkZrMFQwRTlQUT09&locationName=_____________________', 'description': 'View Summons'}",NJ,PAS
75,65,0,HCZ1128,0,TRAFFIC,INSP. STICKER-EXPIRED/MISSING,8256018549,09:24A,10,104,,0,,Q,04/02/2016,"{'url': 'http://nycserv.nyc.gov/NYCServWeb/ShowImage?searchID=VDBSSk1VNXFRWGhQUkZVd1QxRTlQUT09&locationName=_____________________', 'description': 'View Summons'}",NY,PAS
125,115,0,HBZ7377,0,TRAFFIC,CROSSWALK,8256020106,02:58P,10,106,,0,,Q,04/17/2016,"{'url': 'http://nycserv.nyc.gov/NYCServWeb/ShowImage?searchID=VDBSSk1VNXFRWGxOUkVWM1RtYzlQUT09&locationName=_____________________', 'description': 'View Summons'}",NY,PAS
65,65,0,GKX3389,0,TRAFFIC,REG. STICKER-EXPIRED/MISSING,8256021433,05:13P,10,112,,10,,Q,04/27/2016,"{'url': 'http://nycserv.nyc.gov/NYCServWeb/ShowImage?searchID=VDBSSk1VNXFRWGxOVkZGNlRYYzlQUT09&locationName=_____________________', 'description': 'View Summons'}",NY,PAS
105,115,0,42411MH,0,TRAFFIC,NO STANDING-BUS STOP,8256021627,05:48P,0,104,,10,HEARING HELD-GUILTY REDUCTION,Q,04/28/2016,"{'url': 'http://nycserv.nyc.gov/NYCServWeb/ShowImage?searchID=VDBSSk1VNXFRWGxOVkZsNVRuYzlQUT09&locationName=_____________________', 'description': 'View Summons'}",NY,COM
105,115,0,37875TR,0,TRAFFIC,NO STANDING-BUS STOP,8256022474,09:43A,0,105,,10,HEARING HELD-GUILTY REDUCTION,Q,05/04/2016,"{'url': 'http://nycserv.nyc.gov/NYCServWeb/ShowImage?searchID=VDBSSk1VNXFRWGxOYWxFelRrRTlQUT09&locationName=_____________________', 'description': 'View Summons'}",NY,TRC
0,35,0,BTV5482,0,TRAFFIC,FAIL TO DSPLY MUNI METER RECPT,8256022851,10:20A,0,106,,35,HEARING HELD-NOT GUILTY,Q,05/06/2016,"{'url': 'http://nycserv.nyc.gov/NYCServWeb/ShowImage?searchID=VDBSSk1VNXFRWGxOYW1jeFRWRTlQUT09&locationName=_____________________', 'description': 'View Summons'}",NY,PAS
115,115,0,HCL4629,0,TRAFFIC,FIRE HYDRANT,8256023028,03:28P,0,106,,0,,Q,05/06/2016,"{'url': 'http://nycserv.nyc.gov/NYCServWeb/ShowImage?searchID=VDBSSk1VNXFRWGxOZWtGNVQwRTlQUT09&locationName=_____________________', 'description': 'View Summons'}",NY,OMS
0,35,0,FHL4691,0,TRAFFIC,EXPIRED MUNI METER,8256023442,02:26P,0,104,,35,HEARING HELD-NOT GUILTY,Q,05/09/2016,"{'url': 'http://nycserv.nyc.gov/NYCServWeb/ShowImage?searchID=VDBSSk1VNXFRWGxOZWxFd1RXYzlQUT09&locationName=_____________________', 'description': 'View Summons'}",NY,PAS
105,115,0,AS739T,0,TRAFFIC,FIRE HYDRANT,8256023466,02:36P,0,104,,10,HEARING HELD-GUILTY REDUCTION,Q,05/09/2016,"{'url': 'http://nycserv.nyc.gov/NYCServWeb/ShowImage?searchID=VDBSSk1VNXFRWGxOZWxFeVRtYzlQUT09&locationName=_____________________', 'description': 'View Summons'}",NJ,PAS
35,35,0,GYD5022,0,TRAFFIC,FAIL TO DSPLY MUNI METER RECPT,8256023569,04:54P,0,104,,0,,Q,05/09/2016,"{'url': 'http://nycserv.nyc.gov/NYCServWeb/ShowImage?searchID=VDBSSk1VNXFRWGxOZWxVeVQxRTlQUT09&locationName=_____________________', 'description': 'View Summons'}",NY,PAS
105,115,0,85884MD,0,TRAFFIC,NO STANDING-BUS STOP,8256023867,11:45A,0,112,,10,HEARING HELD-GUILTY REDUCTION,Q,05/12/2016,"{'url': 'http://nycserv.nyc.gov/NYCServWeb/ShowImage?searchID=VDBSSk1VNXFRWGxOZW1jeVRuYzlQUT09&locationName=_____________________', 'description': 'View Summons'}",NY,COM
35,35,0,DAJ9154,0,TRAFFIC,FAIL TO DSPLY MUNI METER RECPT,8256023910,12:44P,0,112,,0,,Q,05/12/2016,"{'url': 'http://nycserv.nyc.gov/NYCServWeb/ShowImage?searchID=VDBSSk1VNXFRWGxOZW10NFRVRTlQUT09&locationName=_____________________', 'description': 'View Summons'}",NY,PAS
35,35,0,483YF5,0,TRAFFIC,EXPIRED MUNI METER,8256024227,05:31P,0,104,,0,,Q,05/13/2016,"{'url': 'http://nycserv.nyc.gov/NYCServWeb/ShowImage?searchID=VDBSSk1VNXFRWGxPUkVsNVRuYzlQUT09&locationName=_____________________', 'description': 'View Summons'}",MA,PAS
0,35,0,GPV8258,0,TRAFFIC,FAIL TO DSPLY MUNI METER RECPT,8256024781,01:13P,0,102,,35,HEARING HELD-NOT GUILTY,Q,05/17/2016,"{'url': 'http://nycserv.nyc.gov/NYCServWeb/ShowImage?searchID=VDBSSk1VNXFRWGxPUkdNMFRWRTlQUT09&locationName=_____________________', 'description': 'View Summons'}",NY,PAS
65,65,0,EUS8497,0,TRAFFIC,INSP. STICKER-EXPIRED/MISSING,8256024860,03:58P,0,102,,0,HEARING PENDING,Q,05/17/2016,"{'url': 'http://nycserv.nyc.gov/NYCServWeb/ShowImage?searchID=VDBSSk1VNXFRWGxPUkdjeVRVRTlQUT09&locationName=_____________________', 'description': 'View Summons'}",NY,PAS
115,115,0,CVJ3240,0,TRAFFIC,NO STANDING-DAY/TIME LIMITS,8256025037,02:17P,0,106,,0,HEARING PENDING,Q,05/18/2016,"{'url': 'http://nycserv.nyc.gov/NYCServWeb/ShowImage?searchID=VDBSSk1VNXFRWGxPVkVGNlRuYzlQUT09&locationName=_____________________', 'description': 'View Summons'}",NY,PAS
35,35,0,GFV2833,0,TRAFFIC,EXPIRED MUNI METER,8256025463,01:11P,0,107,,0,HEARING PENDING,Q,05/20/2016,"{'url': 'http://nycserv.nyc.gov/NYCServWeb/ShowImage?searchID=VDBSSk1VNXFRWGxPVkZFeVRYYzlQUT09&locationName=_____________________', 'description': 'View Summons'}",NY,PAS
,,,5NHN624,,,,1139470917,,,,,,,,05/19/2008,"{'url': 'http://nycserv.nyc.gov/NYCServWeb/ShowImage?searchID=VFZSRmVrOVVVVE5OUkd0NFRuYzlQUT09&locationName=_____________________', 'description': 'View Summons'}",CA,PAS
35,35,0,F56FLY,0,TRAFFIC,EXPIRED MUNI METER,8256025475,01:34P,0,107,,0,HEARING PENDING,Q,05/20/2016,"{'url': 'http://nycserv.nyc.gov/NYCServWeb/ShowImage?searchID=VDBSSk1VNXFRWGxPVkZFelRsRTlQUT09&locationName=_____________________', 'description': 'View Summons'}",NJ,PAS
0,35,0,GCK3215,0,TRAFFIC,FAIL TO DSPLY MUNI METER RECPT,8256025487,01:45P,0,107,,35,HEARING HELD-NOT GUILTY,Q,05/20/2016,"{'url': 'http://nycserv.nyc.gov/NYCServWeb/ShowImage?searchID=VDBSSk1VNXFRWGxPVkZFMFRuYzlQUT09&locationName=_____________________', 'description': 'View Summons'}",NY,PAS
35,35,0,EBC9023,0,TRAFFIC,FAIL TO DSPLY MUNI METER RECPT,8256025578,05:35P,0,107,,0,HEARING PENDING,Q,05/20/2016,"{'url': 'http://nycserv.nyc.gov/NYCServWeb/ShowImage?searchID=VDBSSk1VNXFRWGxPVkZVelQwRTlQUT09&locationName=_____________________', 'description': 'View Summons'}",NY,PAS
35,35,0,GVB6683,0,TRAFFIC,FAIL TO DSPLY MUNI METER RECPT,8256025906,04:07P,0,104,,0,HEARING PENDING,Q,05/23/2016,"{'url': 'http://nycserv.nyc.gov/NYCServWeb/ShowImage?searchID=VDBSSk1VNXFRWGxPVkd0M1RtYzlQUT09&locationName=_____________________', 'description': 'View Summons'}",NY,PAS
65,35,0,GYV8422,0,TRAFFIC,EXPIRED MUNI METER,8257012117,04:25P,30,112,,0,,Q,02/25/2016,"{'url': 'http://nycserv.nyc.gov/NYCServWeb/ShowImage?searchID=VDBSSk1VNTZRWGhOYWtWNFRuYzlQUT09&locationName=_____________________', 'description': 'View Summons'}",NY,PAS
70,60,0,FFY8235,0,TRAFFIC,NO PARKING-DAY/TIME LIMITS,8257018168,02:51P,10,103,,0,,Q,03/29/2016,"{'url': 'http://nycserv.nyc.gov/NYCServWeb/ShowImage?searchID=VDBSSk1VNTZRWGhQUkVVeVQwRTlQUT09&locationName=_____________________', 'description': 'View Summons'}",NY,PAS
45,35,0,GHM3742,0,TRAFFIC,FAIL TO DSPLY MUNI METER RECPT,8257020308,03:16P,10,107,,0,,Q,04/12/2016,"{'url': 'http://nycserv.nyc.gov/NYCServWeb/ShowImage?searchID=VDBSSk1VNTZRWGxOUkUxM1QwRTlQUT09&locationName=_____________________', 'description': 'View Summons'}",NY,PAS
20,35,0,87422JV,0,TRAFFIC,FAIL TO DSPLY MUNI METER RECPT,8257023486,01:16P,0,103,,15,HEARING HELD-GUILTY REDUCTION,Q,04/29/2016,"{'url': 'http://nycserv.nyc.gov/NYCServWeb/ShowImage?searchID=VDBSSk1VNTZRWGxOZWxFMFRtYzlQUT09&locationName=_____________________', 'description': 'View Summons'}",NY,COM
35,35,0,FDF6335,0,TRAFFIC,FAIL TO DSPLY MUNI METER RECPT,8257023723,01:22P,0,106,,0,,Q,04/30/2016,"{'url': 'http://nycserv.nyc.gov/NYCServWeb/ShowImage?searchID=VDBSSk1VNTZRWGxOZW1ONVRYYzlQUT09&locationName=_____________________', 'description': 'View Summons'}",NY,PAS
65,65,0,2V25A,0,TRAFFIC,REG. STICKER-EXPIRED/MISSING,8257024107,01:35P,0,103,,0,,Q,05/02/2016,"{'url': 'http://nycserv.nyc.gov/NYCServWeb/ShowImage?searchID=VDBSSk1VNTZRWGxPUkVWM1RuYzlQUT09&locationName=_____________________', 'description': 'View Summons'}",NY,OMT
92,115,0,88502JU,0,TRAFFIC,NO STANDING-DAY/TIME LIMITS,8257024193,03:19P,0,103,,23,HEARING HELD-GUILTY REDUCTION,Q,05/02/2016,"{'url': 'http://nycserv.nyc.gov/NYCServWeb/ShowImage?searchID=VDBSSk1VNTZRWGxPUkVVMVRYYzlQUT09&locationName=_____________________', 'description': 'View Summons'}",NY,COM
35,35,0,33922TW,0,TRAFFIC,FAIL TO DSPLY MUNI METER RECPT,8257025276,05:53P,0,104,,0,,Q,05/05/2016,"{'url': 'http://nycserv.nyc.gov/NYCServWeb/ShowImage?searchID=VDBSSk1VNTZRWGxPVkVrelRtYzlQUT09&locationName=_____________________', 'description': 'View Summons'}",NY,TOW
105,115,0,85884MD,0,TRAFFIC,NO STANDING-BUS STOP,8257025409,01:36P,0,112,,10,HEARING HELD-GUILTY REDUCTION,Q,05/09/2016,"{'url': 'http://nycserv.nyc.gov/NYCServWeb/ShowImage?searchID=VDBSSk1VNTZRWGxPVkZGM1QxRTlQUT09&locationName=_____________________', 'description': 'View Summons'}",NY,COM
105,115,0,85884MD,0,TRAFFIC,NO STANDING-BUS STOP,8257025549,04:59P,0,112,,10,HEARING HELD-GUILTY REDUCTION,Q,05/09/2016,"{'url': 'http://nycserv.nyc.gov/NYCServWeb/ShowImage?searchID=VDBSSk1VNTZRWGxPVkZVd1QxRTlQUT09&locationName=_____________________', 'description': 'View Summons'}",NY,COM
35,35,0,DCN7827,0,TRAFFIC,FAIL TO DSPLY MUNI METER RECPT,8257025896,05:01P,0,112,,0,,Q,05/10/2016,"{'url': 'http://nycserv.nyc.gov/NYCServWeb/ShowImage?searchID=VDBSSk1VNTZRWGxPVkdjMVRtYzlQUT09&locationName=_____________________', 'description': 'View Summons'}",NY,PAS
20,35,0,90978JX,0,TRAFFIC,FAIL TO DSPLY MUNI METER RECPT,8257025987,03:56P,0,104,,15,HEARING HELD-GUILTY REDUCTION,Q,05/11/2016,"{'url': 'http://nycserv.nyc.gov/NYCServWeb/ShowImage?searchID=VDBSSk1VNTZRWGxPVkdzMFRuYzlQUT09&locationName=_____________________', 'description': 'View Summons'}",NY,COM
92,115,0,42860JM,0,TRAFFIC,NO STANDING-DAY/TIME LIMITS,8257026189,03:25P,0,103,,23,HEARING HELD-GUILTY REDUCTION,Q,05/12/2016,"{'url': 'http://nycserv.nyc.gov/NYCServWeb/ShowImage?searchID=VDBSSk1VNTZRWGxPYWtVMFQxRTlQUT09&locationName=_____________________', 'description': 'View Summons'}",NY,COM
92,115,0,42909JM,0,TRAFFIC,NO STANDING-DAY/TIME LIMITS,8257026220,04:29P,0,103,,23,HEARING HELD-GUILTY REDUCTION,Q,05/12/2016,"{'url': 'http://nycserv.nyc.gov/NYCServWeb/ShowImage?searchID=VDBSSk1VNTZRWGxPYWtsNVRVRTlQUT09&locationName=_____________________', 'description': 'View Summons'}",NY,COM
0,35,0,DZJ7379,0,TRAFFIC,FAIL TO DSPLY MUNI METER RECPT,8257026566,01:47P,0,107,,35,HEARING HELD-NOT GUILTY,Q,05/14/2016,"{'url': 'http://nycserv.nyc.gov/NYCServWeb/ShowImage?searchID=VDBSSk1VNTZRWGxPYWxVeVRtYzlQUT09&locationName=_____________________', 'description': 'View Summons'}",NY,PAS
0,35,0,GXF4088,0,TRAFFIC,FAIL TO DSPLY MUNI METER RECPT,8257026724,01:06P,0,106,,35,HEARING HELD-NOT GUILTY,Q,05/16/2016,"{'url': 'http://nycserv.nyc.gov/NYCServWeb/ShowImage?searchID=VDBSSk1VNTZRWGxPYW1ONVRrRTlQUT09&locationName=_____________________', 'description': 'View Summons'}",NY,PAS
35,35,0,FRH9324,0,TRAFFIC,FAIL TO DSPLY MUNI METER RECPT,8257026864,04:14P,0,106,,0,HEARING PENDING,Q,05/16/2016,"{'url': 'http://nycserv.nyc.gov/NYCServWeb/ShowImage?searchID=VDBSSk1VNTZRWGxPYW1jeVRrRTlQUT09&locationName=_____________________', 'description': 'View Summons'}",NY,PAS
35,35,0,T641535C,0,TRAFFIC,EXPIRED MUNI METER,8257027613,04:11P,0,104,,0,HEARING PENDING,Q,05/20/2016,"{'url': 'http://nycserv.nyc.gov/NYCServWeb/ShowImage?searchID=VDBSSk1VNTZRWGxPZWxsNFRYYzlQUT09&locationName=_____________________', 'description': 'View Summons'}",NY,OMT
35,35,0,GVG1992,0,TRAFFIC,FAIL TO DSPLY MUNI METER RECPT,8257027637,04:30P,0,104,,0,HEARING PENDING,Q,05/20/2016,"{'url': 'http://nycserv.nyc.gov/NYCServWeb/ShowImage?searchID=VDBSSk1VNTZRWGxPZWxsNlRuYzlQUT09&locationName=_____________________', 'description': 'View Summons'}",NY,PAS
35,35,0,DYN3390,0,TRAFFIC,FAIL TO DSPLY MUNI METER RECPT,8257027662,04:48P,0,104,,0,HEARING PENDING,Q,05/20/2016,"{'url': 'http://nycserv.nyc.gov/NYCServWeb/ShowImage?searchID=VDBSSk1VNTZRWGxPZWxreVRXYzlQUT09&locationName=_____________________', 'description': 'View Summons'}",NY,PAS
35,35,0,GPN3409,0,TRAFFIC,FAIL TO DSPLY MUNI METER RECPT,8257028034,04:04P,0,112,,0,HEARING PENDING,Q,05/23/2016,"{'url': 'http://nycserv.nyc.gov/NYCServWeb/ShowImage?searchID=VDBSSk1VNTZRWGxQUkVGNlRrRTlQUT09&locationName=_____________________', 'description': 'View Summons'}",NY,PAS
115,115,0,VGC3451,0,TRAFFIC,NO STANDING-DAY/TIME LIMITS,8257506746,01:02P,0,103,,0,HEARING HELD-GUILTY,Q,02/22/2016,"{'url': 'http://nycserv.nyc.gov/NYCServWeb/ShowImage?searchID=VDBSSk1VNTZWWGRPYW1Nd1RtYzlQUT09&locationName=_____________________', 'description': 'View Summons'}",VA,PAS
125,115,0,62017MA,0,TRAFFIC,CROSSWALK,8257508846,01:14P,10,112,,0,HEARING HELD-GUILTY,Q,03/03/2016,"{'url': 'http://nycserv.nyc.gov/NYCServWeb/ShowImage?searchID=VDBSSk1VNTZWWGRQUkdjd1RtYzlQUT09&locationName=_____________________', 'description': 'View Summons'}",NY,COM
,,,V246584,,,,8759483581,,,,,,,,07/10/2020,"{'url': 'http://nycserv.nyc.gov/NYCServWeb/ShowImage?searchID=VDBSak1VOVVVVFJOZWxVMFRWRTlQUT09&locationName=_____________________', 'description': 'View Summons'}",NJ,PAS
75,65,0,FLW8008,0,TRAFFIC,INSP. STICKER-EXPIRED/MISSING,8257513283,07:50A,10,103,,0,,Q,04/01/2016,"{'url': 'http://nycserv.nyc.gov/NYCServWeb/ShowImage?searchID=VDBSSk1VNTZWWGhOZWtrMFRYYzlQUT09&locationName=_____________________', 'description': 'View Summons'}",NY,PAS
75,65,0,GXR1519,0,TRAFFIC,INSP. STICKER-EXPIRED/MISSING,8257515036,04:49P,10,102,,0,,Q,04/12/2016,"{'url': 'http://nycserv.nyc.gov/NYCServWeb/ShowImage?searchID=VDBSSk1VNTZWWGhPVkVGNlRtYzlQUT09&locationName=_____________________', 'description': 'View Summons'}",NY,PAS
35,35,0,GEA7108,0,TRAFFIC,EXPIRED MUNI METER,8257517264,04:25P,10,106,,10,,Q,04/27/2016,"{'url': 'http://nycserv.nyc.gov/NYCServWeb/ShowImage?searchID=VDBSSk1VNTZWWGhPZWtreVRrRTlQUT09&locationName=_____________________', 'description': 'View Summons'}",NY,PAS
65,65,0,GCY6140,0,TRAFFIC,INSP. STICKER-EXPIRED/MISSING,8257517768,01:42P,0,102,,0,HEARING HELD-GUILTY,Q,04/30/2016,"{'url': 'http://nycserv.nyc.gov/NYCServWeb/ShowImage?searchID=VDBSSk1VNTZWWGhPZW1NeVQwRTlQUT09&locationName=_____________________', 'description': 'View Summons'}",NY,PAS
0,35,0,FSB6724,0,TRAFFIC,FAIL TO DSPLY MUNI METER RECPT,8257518098,05:26P,0,107,,35,HEARING HELD-NOT GUILTY,Q,05/03/2016,"{'url': 'http://nycserv.nyc.gov/NYCServWeb/ShowImage?searchID=VDBSSk1VNTZWWGhQUkVFMVQwRTlQUT09&locationName=_____________________', 'description': 'View Summons'}",NY,PAS
60,60,0,HGF1741,0,TRAFFIC,NO PARKING-DAY/TIME LIMITS,8257519080,05:37P,0,101,,0,,Q,05/10/2016,"{'url': 'http://nycserv.nyc.gov/NYCServWeb/ShowImage?searchID=VDBSSk1VNTZWWGhQVkVFMFRVRTlQUT09&locationName=_____________________', 'description': 'View Summons'}",NY,PAS
35,35,0,T682528C,0,TRAFFIC,FAIL TO DSPLY MUNI METER RECPT,8257519728,03:42P,0,105,,0,HEARING PENDING,Q,05/17/2016,"{'url': 'http://nycserv.nyc.gov/NYCServWeb/ShowImage?searchID=VDBSSk1VNTZWWGhQVkdONVQwRTlQUT09&locationName=_____________________', 'description': 'View Summons'}",NY,OMT
35,35,0,Z40FTE,0,TRAFFIC,FAIL TO DSPLY MUNI METER RECPT,8257519730,03:46P,0,105,,0,HEARING PENDING,Q,05/17/2016,"{'url': 'http://nycserv.nyc.gov/NYCServWeb/ShowImage?searchID=VDBSSk1VNTZWWGhQVkdONlRVRTlQUT09&locationName=_____________________', 'description': 'View Summons'}",NJ,PAS
0,65,0,FSH5277,0,TRAFFIC,FRONT OR BACK PLATE MISSING,8257520214,03:42P,0,113,,65,HEARING HELD-NOT GUILTY,Q,05/23/2016,"{'url': 'http://nycserv.nyc.gov/NYCServWeb/ShowImage?searchID=VDBSSk1VNTZWWGxOUkVsNFRrRTlQUT09&locationName=_____________________', 'description': 'View Summons'}",NY,PAS
35,35,0,GLB474,0,TRAFFIC,EXPIRED MUNI METER,8258001048,05:38P,0,104,,0,,Q,01/15/2016,"{'url': 'http://nycserv.nyc.gov/NYCServWeb/ShowImage?searchID=VDBSSk1VOUVRWGROVkVFd1QwRTlQUT09&locationName=_____________________', 'description': 'View Summons'}",VT,PAS
35,35,0,CL657,0,TRAFFIC,EXPIRED MUNI METER,8258004750,05:58P,0,105,,0,,Q,02/10/2016,"{'url': 'http://nycserv.nyc.gov/NYCServWeb/ShowImage?searchID=VDBSSk1VOUVRWGRPUkdNeFRVRTlQUT09&locationName=_____________________', 'description': 'View Summons'}",RI,PAS
65,35,0,FCW5673,0,TRAFFIC,EXPIRED MUNI METER,8258006502,02:51P,30,103,,0,,Q,02/23/2016,"{'url': 'http://nycserv.nyc.gov/NYCServWeb/ShowImage?searchID=VDBSSk1VOUVRWGRPYWxWM1RXYzlQUT09&locationName=_____________________', 'description': 'View Summons'}",NY,PAS
45,35,0,FHM4457,0,TRAFFIC,FAIL TO DSPLY MUNI METER RECPT,8258011984,03:09P,10,102,,0,,Q,03/25/2016,"{'url': 'http://nycserv.nyc.gov/NYCServWeb/ShowImage?searchID=VDBSSk1VOUVRWGhOVkdzMFRrRTlQUT09&locationName=_____________________', 'description': 'View Summons'}",NY,PAS
,,,787071,,,,1139480364,,,,,,,,05/08/2008,"{'url': 'http://nycserv.nyc.gov/NYCServWeb/ShowImage?searchID=VFZSRmVrOVVVVFJOUkUweVRrRTlQUT09&locationName=_____________________', 'description': 'View Summons'}",RI,PAS
0,60,0,GTK8424,0,TRAFFIC,NO PARKING-DAY/TIME LIMITS,8258016106,03:14P,0,112,,60,HEARING HELD-NOT GUILTY,Q,04/24/2016,"{'url': 'http://nycserv.nyc.gov/NYCServWeb/ShowImage?searchID=VDBSSk1VOUVRWGhPYWtWM1RtYzlQUT09&locationName=_____________________', 'description': 'View Summons'}",NY,PAS
115,115,0,HBY6402,0,TRAFFIC,NO STANDING-DAY/TIME LIMITS,8258016696,04:35P,0,103,,0,,Q,04/28/2016,"{'url': 'http://nycserv.nyc.gov/NYCServWeb/ShowImage?searchID=VDBSSk1VOUVRWGhPYWxrMVRtYzlQUT09&locationName=_____________________', 'description': 'View Summons'}",NY,PAS
35,35,0,GFL1311,0,TRAFFIC,EXPIRED MUNI METER,8258016933,12:38P,0,103,,0,HEARING PENDING,Q,05/23/2016,"{'url': 'http://nycserv.nyc.gov/NYCServWeb/ShowImage?searchID=VDBSSk1VOUVRWGhPYW10NlRYYzlQUT09&locationName=_____________________', 'description': 'View Summons'}",NY,PAS
65,65,0,DZK5982,0,TRAFFIC,INSP. STICKER-EXPIRED/MISSING,8258017160,02:15P,0,106,,0,HEARING PENDING,Q,05/24/2016,"{'url': 'http://nycserv.nyc.gov/NYCServWeb/ShowImage?searchID=VDBSSk1VOUVRWGhPZWtVeVRVRTlQUT09&locationName=_____________________', 'description': 'View Summons'}",NY,PAS
90,60,0,FMS3114,0,TRAFFIC,NO PARKING-DAY/TIME LIMITS,8258513369,10:20P,30,102,,0,,Q,02/29/2016,"{'url': 'http://nycserv.nyc.gov/NYCServWeb/ShowImage?searchID=VDBSSk1VOUVWWGhOZWsweVQxRTlQUT09&locationName=_____________________', 'description': 'View Summons'}",NY,PAS
65,35,0,K4X639,0,TRAFFIC,FAIL TO DSPLY MUNI METER RECPT,8258513930,01:47P,30,106,,0,,Q,03/03/2016,"{'url': 'http://nycserv.nyc.gov/NYCServWeb/ShowImage?searchID=VDBSSk1VOUVWWGhOZW10NlRVRTlQUT09&locationName=_____________________', 'description': 'View Summons'}",NY,PAS
65,35,0,HBY6744,0,TRAFFIC,EXPIRED MUNI METER,8258515974,08:24P,30,112,,0,,Q,03/10/2016,"{'url': 'http://nycserv.nyc.gov/NYCServWeb/ShowImage?searchID=VDBSSk1VOUVWWGhPVkdzelRrRTlQUT09&locationName=_____________________', 'description': 'View Summons'}",NY,PAS
65,65,0,AGV8702,0,TRAFFIC,INSP. STICKER-EXPIRED/MISSING,8258519748,10:47A,0,105,,0,,Q,05/05/2016,"{'url': 'http://nycserv.nyc.gov/NYCServWeb/ShowImage?searchID=VDBSSk1VOUVWWGhQVkdNd1QwRTlQUT09&locationName=_____________________', 'description': 'View Summons'}",NY,PAS
20,35,0,44887MH,0,TRAFFIC,FAIL TO DSPLY MUNI METER RECPT,8258520568,02:49P,0,103,,15,HEARING HELD-GUILTY REDUCTION,Q,05/07/2016,"{'url': 'http://nycserv.nyc.gov/NYCServWeb/ShowImage?searchID=VDBSSk1VOUVWWGxOUkZVeVQwRTlQUT09&locationName=_____________________', 'description': 'View Summons'}",NY,COM
20,35,0,60309MD,0,TRAFFIC,FAIL TO DSPLY MUNI METER RECPT,8258520970,02:48P,0,104,,15,HEARING HELD-GUILTY REDUCTION,Q,05/09/2016,"{'url': 'http://nycserv.nyc.gov/NYCServWeb/ShowImage?searchID=VDBSSk1VOUVWWGxOUkdzelRVRTlQUT09&locationName=_____________________', 'description': 'View Summons'}",NY,COM
0,35,0,GVA8873,0,TRAFFIC,FAIL TO DSPLY MUNI METER RECPT,8258521070,02:10P,0,103,,35,HEARING HELD-NOT GUILTY,Q,05/10/2016,"{'url': 'http://nycserv.nyc.gov/NYCServWeb/ShowImage?searchID=VDBSSk1VOUVWWGxOVkVFelRVRTlQUT09&locationName=_____________________', 'description': 'View Summons'}",NY,PAS
105,115,0,42909JM,0,TRAFFIC,NO STANDING-BUS STOP,8258521342,01:09P,0,103,,10,HEARING HELD-GUILTY REDUCTION,Q,05/11/2016,"{'url': 'http://nycserv.nyc.gov/NYCServWeb/ShowImage?searchID=VDBSSk1VOUVWWGxOVkUwd1RXYzlQUT09&locationName=_____________________', 'description': 'View Summons'}",NY,COM
35,35,0,FTT5403,0,TRAFFIC,FAIL TO DSPLY MUNI METER RECPT,8258521962,12:30P,0,106,,0,HEARING PENDING,Q,05/16/2016,"{'url': 'http://nycserv.nyc.gov/NYCServWeb/ShowImage?searchID=VDBSSk1VOUVWWGxOVkdzeVRXYzlQUT09&locationName=_____________________', 'description': 'View Summons'}",NY,PAS
65,65,0,HFK2530,0,TRAFFIC,REG. STICKER-EXPIRED/MISSING,8258521986,01:15P,0,106,,0,HEARING PENDING,Q,05/16/2016,"{'url': 'http://nycserv.nyc.gov/NYCServWeb/ShowImage?searchID=VDBSSk1VOUVWWGxOVkdzMFRtYzlQUT09&locationName=_____________________', 'description': 'View Summons'}",NY,PAS
0,35,0,GNB8928,0,TRAFFIC,FAIL TO DSPLY MUNI METER RECPT,8258522140,04:41P,0,106,,35,HEARING HELD-NOT GUILTY,Q,05/16/2016,"{'url': 'http://nycserv.nyc.gov/NYCServWeb/ShowImage?searchID=VDBSSk1VOUVWWGxOYWtVd1RVRTlQUT09&locationName=_____________________', 'description': 'View Summons'}",NY,PAS
60,60,0,FDC3066,0,TRAFFIC,NO PARKING-EXC. AUTH. VEHICLE,8258522220,01:19P,0,112,,0,HEARING PENDING,Q,05/17/2016,"{'url': 'http://nycserv.nyc.gov/NYCServWeb/ShowImage?searchID=VDBSSk1VOUVWWGxOYWtsNVRVRTlQUT09&locationName=_____________________', 'description': 'View Summons'}",NY,PAS
0,35,0,GSH3285,0,TRAFFIC,FAIL TO DSPLY MUNI METER RECPT,8258522449,02:38P,0,104,,35,HEARING HELD-NOT GUILTY,Q,05/18/2016,"{'url': 'http://nycserv.nyc.gov/NYCServWeb/ShowImage?searchID=VDBSSk1VOUVWWGxOYWxFd1QxRTlQUT09&locationName=_____________________', 'description': 'View Summons'}",NY,PAS
0,35,0,CWK1552,0,TRAFFIC,EXPIRED MUNI METER,8258522462,02:50P,0,104,,35,HEARING HELD-NOT GUILTY,Q,05/18/2016,"{'url': 'http://nycserv.nyc.gov/NYCServWeb/ShowImage?searchID=VDBSSk1VOUVWWGxOYWxFeVRXYzlQUT09&locationName=_____________________', 'description': 'View Summons'}",NY,PAS
0,35,0,GZM6774,0,TRAFFIC,FAIL TO DSPLY MUNI METER RECPT,8258522516,04:23P,0,104,,35,HEARING HELD-NOT GUILTY,Q,05/18/2016,"{'url': 'http://nycserv.nyc.gov/NYCServWeb/ShowImage?searchID=VDBSSk1VOUVWWGxOYWxWNFRtYzlQUT09&locationName=_____________________', 'description': 'View Summons'}",NY,PAS
35,35,0,BTU1196,0,TRAFFIC,EXPIRED MUNI METER,8258522668,02:29P,0,112,,0,HEARING PENDING,Q,05/19/2016,"{'url': 'http://nycserv.nyc.gov/NYCServWeb/ShowImage?searchID=VDBSSk1VOUVWWGxOYWxreVQwRTlQUT09&locationName=_____________________', 'description': 'View Summons'}",NY,PAS
35,35,0,GSN6226,0,TRAFFIC,EXPIRED MUNI METER,8258523272,05:47P,0,103,,0,HEARING PENDING,Q,05/21/2016,"{'url': 'http://nycserv.nyc.gov/NYCServWeb/ShowImage?searchID=VDBSSk1VOUVWWGxOZWtrelRXYzlQUT09&locationName=_____________________', 'description': 'View Summons'}",NY,PAS
35,35,0,CLW6705,0,TRAFFIC,FAIL TO DSPLY MUNI METER RECPT,8258523442,12:57P,0,103,,0,HEARING PENDING,Q,05/23/2016,"{'url': 'http://nycserv.nyc.gov/NYCServWeb/ShowImage?searchID=VDBSSk1VOUVWWGxOZWxFd1RXYzlQUT09&locationName=_____________________', 'description': 'View Summons'}",NY,PAS
125.8,65,0,EMD8221,0.92,TRAFFIC,INSP. STICKER-EXPIRED/MISSING,8259005037,01:32P,60,104,04/28/2016,0.12,,Q,01/12/2016,"{'url': 'http://nycserv.nyc.gov/NYCServWeb/ShowImage?searchID=VDBSSk1VOVVRWGRPVkVGNlRuYzlQUT09&locationName=_____________________', 'description': 'View Summons'}",NY,PAS
95,35,0,FJZ5249,0.05,TRAFFIC,FAIL TO DSPLY MUNI METER RECPT,8259008476,06:31P,60,102,05/26/2016,0.05,,Q,02/10/2016,"{'url': 'http://nycserv.nyc.gov/NYCServWeb/ShowImage?searchID=VDBSSk1VOVVRWGRQUkZFelRtYzlQUT09&locationName=_____________________', 'description': 'View Summons'}",NY,PAS
0,35,0,GNE7829,0,TRAFFIC,FAIL TO DSPLY MUNI METER RECPT,8259010823,06:18P,30,103,,65,HEARING HELD-NOT GUILTY,Q,02/29/2016,"{'url': 'http://nycserv.nyc.gov/NYCServWeb/ShowImage?searchID=VDBSSk1VOVVRWGhOUkdkNVRYYzlQUT09&locationName=_____________________', 'description': 'View Summons'}",NY,PAS
145,115,0,GXC1022,0,TRAFFIC,NO STANDING-BUS STOP,8259012870,06:12P,30,103,,0,,Q,03/12/2016,"{'url': 'http://nycserv.nyc.gov/NYCServWeb/ShowImage?searchID=VDBSSk1VOVVRWGhOYW1jelRVRTlQUT09&locationName=_____________________', 'description': 'View Summons'}",NY,PAS
55,45,0,GXN2609,0,TRAFFIC,NO PARKING-STREET CLEANING,8259015043,09:44A,10,102,,0,,Q,04/08/2016,"{'url': 'http://nycserv.nyc.gov/NYCServWeb/ShowImage?searchID=VDBSSk1VOVVRWGhPVkVFd1RYYzlQUT09&locationName=_____________________', 'description': 'View Summons'}",NY,PAS
55,45,0,DUG7582,0,TRAFFIC,NO PARKING-STREET CLEANING,8259015810,09:12A,10,112,,0,,Q,04/12/2016,"{'url': 'http://nycserv.nyc.gov/NYCServWeb/ShowImage?searchID=VDBSSk1VOVVRWGhPVkdkNFRVRTlQUT09&locationName=_____________________', 'description': 'View Summons'}",NY,PAS
0,35,0,FJB3788,0,TRAFFIC,FAIL TO DSPLY MUNI METER RECPT,8259016916,03:40P,10,112,,45,HEARING HELD-NOT GUILTY,Q,04/27/2016,"{'url': 'http://nycserv.nyc.gov/NYCServWeb/ShowImage?searchID=VDBSSk1VOVVRWGhPYW10NFRtYzlQUT09&locationName=_____________________', 'description': 'View Summons'}",NY,PAS
65,65,0,GPH9703,0,TRAFFIC,REG. STICKER-EXPIRED/MISSING,8259017052,03:06P,0,112,,0,HEARING HELD-GUILTY,Q,04/28/2016,"{'url': 'http://nycserv.nyc.gov/NYCServWeb/ShowImage?searchID=VDBSSk1VOVVRWGhPZWtFeFRXYzlQUT09&locationName=_____________________', 'description': 'View Summons'}",NY,PAS
20,35,0,42448MH,0,TRAFFIC,FAIL TO DSPLY MUNI METER RECPT,8259017209,03:28P,0,106,,15,HEARING HELD-GUILTY REDUCTION,Q,04/29/2016,"{'url': 'http://nycserv.nyc.gov/NYCServWeb/ShowImage?searchID=VDBSSk1VOVVRWGhPZWtsM1QxRTlQUT09&locationName=_____________________', 'description': 'View Summons'}",NY,COM
175.72,115,0,GYK3884,0.72,TRAFFIC,DOUBLE PARKING,8259500620,06:06P,60,103,03/24/2016,0,,Q,12/07/2015,"{'url': 'http://nycserv.nyc.gov/NYCServWeb/ShowImage?searchID=VDBSSk1VOVVWWGROUkZsNVRVRTlQUT09&locationName=_____________________', 'description': 'View Summons'}",NY,PAS
65,65,0,FXB7703,0,TRAFFIC,REG. STICKER-EXPIRED/MISSING,8259503610,05:55A,0,107,,0,APPEAL AFFIRMED,Q,02/04/2016,"{'url': 'http://nycserv.nyc.gov/NYCServWeb/ShowImage?searchID=VDBSSk1VOVVWWGROZWxsNFRVRTlQUT09&locationName=_____________________', 'description': 'View Summons'}",NY,PAS
115,115,0,FXB7703,0,TRAFFIC,CROSSWALK,8259503621,05:57A,0,107,,0,APPEAL AFFIRMED,Q,02/04/2016,"{'url': 'http://nycserv.nyc.gov/NYCServWeb/ShowImage?searchID=VDBSSk1VOVVWWGROZWxsNVRWRTlQUT09&locationName=_____________________', 'description': 'View Summons'}",NY,PAS
45,45,0,GYM9019,0,TRAFFIC,NO PARKING-STREET CLEANING,8259504765,09:06A,0,103,,0,,Q,02/16/2016,"{'url': 'http://nycserv.nyc.gov/NYCServWeb/ShowImage?searchID=VDBSSk1VOVVWWGRPUkdNeVRsRTlQUT09&locationName=_____________________', 'description': 'View Summons'}",NY,OMS
,,,HYB7989,,,,8759483702,,,,,,,,07/14/2020,"{'url': 'http://nycserv.nyc.gov/NYCServWeb/ShowImage?searchID=VDBSak1VOVVVVFJOZW1OM1RXYzlQUT09&locationName=_____________________', 'description': 'View Summons'}",NY,PAS
115,115,0,51577MG,0,TRAFFIC,NO STANDING-DAY/TIME LIMITS,8259510110,02:36P,0,104,,0,HEARING HELD-GUILTY,Q,03/15/2016,"{'url': 'http://nycserv.nyc.gov/NYCServWeb/ShowImage?searchID=VDBSSk1VOVVWWGhOUkVWNFRVRTlQUT09&locationName=_____________________', 'description': 'View Summons'}",NY,COM
115,115,0,70063MA,0,TRAFFIC,NO STANDING-DAY/TIME LIMITS,8259510704,10:08A,0,103,,0,HEARING HELD-GUILTY,Q,03/19/2016,"{'url': 'http://nycserv.nyc.gov/NYCServWeb/ShowImage?searchID=VDBSSk1VOVVWWGhOUkdOM1RrRTlQUT09&locationName=_____________________', 'description': 'View Summons'}",NY,COM
45,35,0,FCM3617,0,TRAFFIC,FAIL TO DSPLY MUNI METER RECPT,8259512919,06:35P,10,103,,0,,Q,04/15/2016,"{'url': 'http://nycserv.nyc.gov/NYCServWeb/ShowImage?searchID=VDBSSk1VOVVWWGhOYW10NFQxRTlQUT09&locationName=_____________________', 'description': 'View Summons'}",NY,PAS
60,60,0,HFB9199,0,TRAFFIC,NO PARKING-DAY/TIME LIMITS,8259513638,01:56P,10,107,,10,,Q,04/22/2016,"{'url': 'http://nycserv.nyc.gov/NYCServWeb/ShowImage?searchID=VDBSSk1VOVVWWGhOZWxsNlQwRTlQUT09&locationName=_____________________', 'description': 'View Summons'}",NY,PAS
0,35,0,EDP1735,0,TRAFFIC,FAIL TO DSPLY MUNI METER RECPT,8259513894,05:57P,10,104,,45,HEARING HELD-NOT GUILTY,Q,04/23/2016,"{'url': 'http://nycserv.nyc.gov/NYCServWeb/ShowImage?searchID=VDBSSk1VOVVWWGhOZW1jMVRrRTlQUT09&locationName=_____________________', 'description': 'View Summons'}",NY,PAS
0,35,0,FGY1993,0,TRAFFIC,EXPIRED MUNI METER,8259514242,04:19P,0,103,,35,HEARING HELD-NOT GUILTY,Q,04/27/2016,"{'url': 'http://nycserv.nyc.gov/NYCServWeb/ShowImage?searchID=VDBSSk1VOVVWWGhPUkVrd1RXYzlQUT09&locationName=_____________________', 'description': 'View Summons'}",NY,PAS
35,35,0,ELH7457,0,TRAFFIC,FAIL TO DSPLY MUNI METER RECPT,8259514631,02:52P,0,112,,0,HEARING HELD-GUILTY,Q,04/29/2016,"{'url': 'http://nycserv.nyc.gov/NYCServWeb/ShowImage?searchID=VDBSSk1VOVVWWGhPUkZsNlRWRTlQUT09&locationName=_____________________', 'description': 'View Summons'}",NY,PAS
35,35,0,DRF8071,0,TRAFFIC,FAIL TO DSPLY MUNI METER RECPT,8259515313,12:58P,0,112,,0,,Q,05/05/2016,"{'url': 'http://nycserv.nyc.gov/NYCServWeb/ShowImage?searchID=VDBSSk1VOVVWWGhPVkUxNFRYYzlQUT09&locationName=_____________________', 'description': 'View Summons'}",NY,PAS
35,35,0,HAK6839,0,TRAFFIC,EXPIRED MUNI METER,8259515660,05:12P,0,104,,0,,Q,05/06/2016,"{'url': 'http://nycserv.nyc.gov/NYCServWeb/ShowImage?searchID=VDBSSk1VOVVWWGhPVkZreVRVRTlQUT09&locationName=_____________________', 'description': 'View Summons'}",NY,PAS
0,35,0,GDN7057,0,TRAFFIC,FAIL TO DSPLY MUNI METER RECPT,8259516561,02:20P,0,107,,35,HEARING HELD-NOT GUILTY,Q,05/11/2016,"{'url': 'http://nycserv.nyc.gov/NYCServWeb/ShowImage?searchID=VDBSSk1VOVVWWGhPYWxVeVRWRTlQUT09&locationName=_____________________', 'description': 'View Summons'}",NY,PAS
105,115,0,42778JM,0,TRAFFIC,NO STANDING-BUS STOP,8259516690,12:45P,0,102,,10,HEARING HELD-GUILTY REDUCTION,Q,05/12/2016,"{'url': 'http://nycserv.nyc.gov/NYCServWeb/ShowImage?searchID=VDBSSk1VOVVWWGhPYWxrMVRVRTlQUT09&locationName=_____________________', 'description': 'View Summons'}",NY,COM
105,115,0,78792JW,0,TRAFFIC,NO STANDING-BUS STOP,8259516720,01:18P,0,102,,10,HEARING HELD-GUILTY REDUCTION,Q,05/12/2016,"{'url': 'http://nycserv.nyc.gov/NYCServWeb/ShowImage?searchID=VDBSSk1VOVVWWGhPYW1ONVRVRTlQUT09&locationName=_____________________', 'description': 'View Summons'}",NY,COM
105,115,0,78792JW,0,TRAFFIC,FIRE HYDRANT,8259516731,01:20P,0,102,,10,HEARING HELD-GUILTY REDUCTION,Q,05/12/2016,"{'url': 'http://nycserv.nyc.gov/NYCServWeb/ShowImage?searchID=VDBSSk1VOVVWWGhPYW1ONlRWRTlQUT09&locationName=_____________________', 'description': 'View Summons'}",NY,COM
65,65,0,GYM5172,0,TRAFFIC,INSP. STICKER-EXPIRED/MISSING,8259516860,05:38P,0,102,,0,,Q,05/12/2016,"{'url': 'http://nycserv.nyc.gov/NYCServWeb/ShowImage?searchID=VDBSSk1VOVVWWGhPYW1jeVRVRTlQUT09&locationName=_____________________', 'description': 'View Summons'}",NY,PAS
60,60,0,JWB8968,0,TRAFFIC,NO PARKING-DAY/TIME LIMITS,8259516949,02:03P,0,112,,0,,Q,05/13/2016,"{'url': 'http://nycserv.nyc.gov/NYCServWeb/ShowImage?searchID=VDBSSk1VOVVWWGhPYW1zd1QxRTlQUT09&locationName=_____________________', 'description': 'View Summons'}",PA,PAS
20,35,0,12056MJ,0,TRAFFIC,FAIL TO DSPLY MUNI METER RECPT,8259516962,03:14P,0,112,,15,HEARING HELD-GUILTY REDUCTION,Q,05/13/2016,"{'url': 'http://nycserv.nyc.gov/NYCServWeb/ShowImage?searchID=VDBSSk1VOVVWWGhPYW1zeVRXYzlQUT09&locationName=_____________________', 'description': 'View Summons'}",NY,COM
20,35,0,42437MH,0,TRAFFIC,FAIL TO DSPLY MUNI METER RECPT,8259517152,02:25P,0,103,,15,HEARING HELD-GUILTY REDUCTION,Q,05/14/2016,"{'url': 'http://nycserv.nyc.gov/NYCServWeb/ShowImage?searchID=VDBSSk1VOVVWWGhPZWtVeFRXYzlQUT09&locationName=_____________________', 'description': 'View Summons'}",NY,COM
60,60,0,GJC1435,0,TRAFFIC,NO PARKING-DAY/TIME LIMITS,8259517450,03:16P,0,103,,0,,Q,05/15/2016,"{'url': 'http://nycserv.nyc.gov/NYCServWeb/ShowImage?searchID=VDBSSk1VOVVWWGhPZWxFeFRVRTlQUT09&locationName=_____________________', 'description': 'View Summons'}",NY,OMS
105,115,0,63593MC,0,TRAFFIC,NO STANDING-BUS STOP,8259517760,04:58P,0,107,,10,HEARING HELD-GUILTY REDUCTION,Q,05/16/2016,"{'url': 'http://nycserv.nyc.gov/NYCServWeb/ShowImage?searchID=VDBSSk1VOVVWWGhPZW1NeVRVRTlQUT09&locationName=_____________________', 'description': 'View Summons'}",NY,COM
105,115,0,63593MC,0,TRAFFIC,FIRE HYDRANT,8259517772,04:59P,0,107,,10,HEARING HELD-GUILTY REDUCTION,Q,05/16/2016,"{'url': 'http://nycserv.nyc.gov/NYCServWeb/ShowImage?searchID=VDBSSk1VOVVWWGhPZW1NelRXYzlQUT09&locationName=_____________________', 'description': 'View Summons'}",NY,COM
35,35,0,FTF9760,0,TRAFFIC,FAIL TO DSPLY MUNI METER RECPT,8259517796,05:47P,0,107,,0,HEARING PENDING,Q,05/16/2016,"{'url': 'http://nycserv.nyc.gov/NYCServWeb/ShowImage?searchID=VDBSSk1VOVVWWGhPZW1NMVRtYzlQUT09&locationName=_____________________', 'description': 'View Summons'}",NY,PAS
0,35,0,ELP1526,0,TRAFFIC,FAIL TO DSPLY MUNI METER RECPT,8259518053,04:53P,0,103,,35,HEARING HELD-NOT GUILTY,Q,05/17/2016,"{'url': 'http://nycserv.nyc.gov/NYCServWeb/ShowImage?searchID=VDBSSk1VOVVWWGhQUkVFeFRYYzlQUT09&locationName=_____________________', 'description': 'View Summons'}",NY,PAS
0,115,0,71303ME,0,TRAFFIC,NO STANDING-DAY/TIME LIMITS,8259518272,05:32P,0,103,,115,HEARING HELD-NOT GUILTY,Q,05/18/2016,"{'url': 'http://nycserv.nyc.gov/NYCServWeb/ShowImage?searchID=VDBSSk1VOVVWWGhQUkVrelRXYzlQUT09&locationName=_____________________', 'description': 'View Summons'}",NY,COM
65,65,0,HFL8161,0,TRAFFIC,REG. STICKER-EXPIRED/MISSING,8259518570,10:00A,0,103,,0,HEARING PENDING,Q,05/22/2016,"{'url': 'http://nycserv.nyc.gov/NYCServWeb/ShowImage?searchID=VDBSSk1VOVVWWGhQUkZVelRVRTlQUT09&locationName=_____________________', 'description': 'View Summons'}",NY,PAS
,,,LLS405,,,,8759483854,,,,,,,,07/15/2020,"{'url': 'http://nycserv.nyc.gov/NYCServWeb/ShowImage?searchID=VDBSak1VOVVVVFJOZW1jeFRrRTlQUT09&locationName=_____________________', 'description': 'View Summons'}",SC,PAS
0,95,0,HBE8025,0,TRAFFIC,NO STANDING-EXC. TRUCK LOADING,8259518650,01:54P,0,103,,95,HEARING HELD-NOT GUILTY,Q,05/22/2016,"{'url': 'http://nycserv.nyc.gov/NYCServWeb/ShowImage?searchID=VDBSSk1VOVVWWGhQUkZreFRVRTlQUT09&locationName=_____________________', 'description': 'View Summons'}",NY,PAS
35,35,0,L46FPD,0,TRAFFIC,FAIL TO DSPLY MUNI METER RECPT,8259518843,03:34P,0,107,,0,HEARING PENDING,Q,05/23/2016,"{'url': 'http://nycserv.nyc.gov/NYCServWeb/ShowImage?searchID=VDBSSk1VOVVWWGhQUkdjd1RYYzlQUT09&locationName=_____________________', 'description': 'View Summons'}",NJ,PAS
145,115,0,HAP7716,0,TRAFFIC,NO STANDING-BUS STOP,8260010112,02:33P,30,106,,0,,Q,03/11/2016,"{'url': 'http://nycserv.nyc.gov/NYCServWeb/ShowImage?searchID=VDBSSk1rMUVRWGhOUkVWNFRXYzlQUT09&locationName=_____________________', 'description': 'View Summons'}",NY,PAS
65,65,0,FWV3065,0,TRAFFIC,INSP. STICKER-EXPIRED/MISSING,8260015122,06:06P,0,107,,0,HEARING HELD-GUILTY,Q,04/01/2016,"{'url': 'http://nycserv.nyc.gov/NYCServWeb/ShowImage?searchID=VDBSSk1rMUVRWGhPVkVWNVRXYzlQUT09&locationName=_____________________', 'description': 'View Summons'}",NY,PAS
0,35,0,HFK5156,0,TRAFFIC,FAIL TO DSPLY MUNI METER RECPT,8260015869,04:24P,10,112,,45,HEARING HELD-NOT GUILTY,Q,04/06/2016,"{'url': 'http://nycserv.nyc.gov/NYCServWeb/ShowImage?searchID=VDBSSk1rMUVRWGhPVkdjeVQxRTlQUT09&locationName=_____________________', 'description': 'View Summons'}",NY,PAS
55,45,0,DVS9759,0,TRAFFIC,NO PARKING-STREET CLEANING,8260016357,08:13A,10,112,,0,,Q,04/11/2016,"{'url': 'http://nycserv.nyc.gov/NYCServWeb/ShowImage?searchID=VDBSSk1rMUVRWGhPYWsweFRuYzlQUT09&locationName=_____________________', 'description': 'View Summons'}",NY,PAS
75,65,0,GMR3661,0,TRAFFIC,REG. STICKER-EXPIRED/MISSING,8260016527,10:10A,10,112,,0,,Q,04/11/2016,"{'url': 'http://nycserv.nyc.gov/NYCServWeb/ShowImage?searchID=VDBSSk1rMUVRWGhPYWxWNVRuYzlQUT09&locationName=_____________________', 'description': 'View Summons'}",NY,PAS
35,35,0,EUT2710,0,TRAFFIC,EXPIRED MUNI METER,8260016680,04:56P,0,106,,0,HEARING HELD-GUILTY,Q,04/12/2016,"{'url': 'http://nycserv.nyc.gov/NYCServWeb/ShowImage?searchID=VDBSSk1rMUVRWGhPYWxrMFRVRTlQUT09&locationName=_____________________', 'description': 'View Summons'}",NY,PAS
0,60,0,CZN3090,0,TRAFFIC,NO PARKING-DAY/TIME LIMITS,8260017118,12:15P,10,104,,70,HEARING HELD-NOT GUILTY,Q,04/21/2016,"{'url': 'http://nycserv.nyc.gov/NYCServWeb/ShowImage?searchID=VDBSSk1rMUVRWGhPZWtWNFQwRTlQUT09&locationName=_____________________', 'description': 'View Summons'}",NY,PAS
35,35,0,GNN6472,0,TRAFFIC,EXPIRED MUNI METER,8260017726,04:15P,10,104,,10,,Q,04/26/2016,"{'url': 'http://nycserv.nyc.gov/NYCServWeb/ShowImage?searchID=VDBSSk1rMUVRWGhPZW1ONVRtYzlQUT09&locationName=_____________________', 'description': 'View Summons'}",NY,PAS
60,60,0,FWF2651,0,TRAFFIC,NO PARKING-DAY/TIME LIMITS,8260018093,03:41P,0,102,,0,,Q,04/28/2016,"{'url': 'http://nycserv.nyc.gov/NYCServWeb/ShowImage?searchID=VDBSSk1rMUVRWGhQUkVFMVRYYzlQUT09&locationName=_____________________', 'description': 'View Summons'}",NY,PAS
35,35,0,DEU3002,0,TRAFFIC,EXPIRED MUNI METER,8260018123,04:54P,0,102,,0,,Q,04/28/2016,"{'url': 'http://nycserv.nyc.gov/NYCServWeb/ShowImage?searchID=VDBSSk1rMUVRWGhQUkVWNVRYYzlQUT09&locationName=_____________________', 'description': 'View Summons'}",NY,PAS
65,65,0,GXS8890,0,TRAFFIC,INSP. STICKER-EXPIRED/MISSING,8260018597,12:30P,0,112,,0,,Q,05/02/2016,"{'url': 'http://nycserv.nyc.gov/NYCServWeb/ShowImage?searchID=VDBSSk1rMUVRWGhQUkZVMVRuYzlQUT09&locationName=_____________________', 'description': 'View Summons'}",NY,PAS
35,35,0,U614ZR,0,TRAFFIC,EXPIRED MUNI METER,8260018652,01:44P,0,112,,0,,Q,05/02/2016,"{'url': 'http://nycserv.nyc.gov/NYCServWeb/ShowImage?searchID=VDBSSk1rMUVRWGhQUkZreFRXYzlQUT09&locationName=_____________________', 'description': 'View Summons'}",NY,PAS
0,35,0,CKZ7006,0,TRAFFIC,FAIL TO DSPLY MUNI METER RECPT,8261029591,05:24P,0,103,,35,HEARING HELD-NOT GUILTY,Q,05/26/2016,"{'url': 'http://nycserv.nyc.gov/NYCServWeb/ShowImage?searchID=VDBSSk1rMVVRWGxQVkZVMVRWRTlQUT09&locationName=_____________________', 'description': 'View Summons'}",NY,PAS
60,60,0,EVM9470,0,TRAFFIC,NO PARKING-DAY/TIME LIMITS,8262028960,01:56P,0,104,,0,,Q,05/25/2016,"{'url': 'http://nycserv.nyc.gov/NYCServWeb/ShowImage?searchID=VDBSSk1rMXFRWGxQUkdzeVRVRTlQUT09&locationName=_____________________', 'description': 'View Summons'}",NY,PAS
65,65,0,GNJ4965,0,TRAFFIC,INSP. STICKER-EXPIRED/MISSING,8260018664,01:52P,0,112,,0,,Q,05/02/2016,"{'url': 'http://nycserv.nyc.gov/NYCServWeb/ShowImage?searchID=VDBSSk1rMUVRWGhQUkZreVRrRTlQUT09&locationName=_____________________', 'description': 'View Summons'}",NY,PAS
95.53,35,0,FSG3139,0.69,TRAFFIC,EXPIRED MUNI METER,8260506452,06:23P,60,103,04/28/2016,0.16,HEARING HELD-GUILTY,Q,01/08/2016,"{'url': 'http://nycserv.nyc.gov/NYCServWeb/ShowImage?searchID=VDBSSk1rMUVWWGRPYWxFeFRXYzlQUT09&locationName=_____________________', 'description': 'View Summons'}",NY,PAS
95,35,0,FGD5182,0.26,TRAFFIC,EXPIRED MUNI METER,8260509570,03:56P,60,103,05/19/2016,0.26,,Q,01/29/2016,"{'url': 'http://nycserv.nyc.gov/NYCServWeb/ShowImage?searchID=VDBSSk1rMUVWWGRQVkZVelRVRTlQUT09&locationName=_____________________', 'description': 'View Summons'}",NY,PAS
95,35,0,DAZ4422,0.05,TRAFFIC,FAIL TO DSPLY MUNI METER RECPT,8260511605,06:01P,60,105,05/26/2016,0.05,,Q,02/09/2016,"{'url': 'http://nycserv.nyc.gov/NYCServWeb/ShowImage?searchID=VDBSSk1rMUVWWGhOVkZsM1RsRTlQUT09&locationName=_____________________', 'description': 'View Summons'}",NY,PAS
0,35,0,GLM6231,0,TRAFFIC,FAIL TO DSPLY MUNI METER RECPT,8260521635,12:34P,10,104,,45,HEARING HELD-NOT GUILTY,Q,04/07/2016,"{'url': 'http://nycserv.nyc.gov/NYCServWeb/ShowImage?searchID=VDBSSk1rMUVWWGxOVkZsNlRsRTlQUT09&locationName=_____________________', 'description': 'View Summons'}",NY,PAS
,,,GYF5644,,,,1139483377,,,,,,,,05/01/2008,"{'url': 'http://nycserv.nyc.gov/NYCServWeb/ShowImage?searchID=VFZSRmVrOVVVVFJOZWswelRuYzlQUT09&locationName=_____________________', 'description': 'View Summons'}",PA,PAS
35,35,0,33171PC,0,TRAFFIC,FAIL TO DSPLY MUNI METER RECPT,8260522159,02:31P,0,102,,0,,Q,04/11/2016,"{'url': 'http://nycserv.nyc.gov/NYCServWeb/ShowImage?searchID=VDBSSk1rMUVWWGxOYWtVeFQxRTlQUT09&locationName=_____________________', 'description': 'View Summons'}",NY,IRP
0,35,0,HBR8527,0,TRAFFIC,FAIL TO DSPLY MUNI METER RECPT,8260524302,02:08P,10,104,,45,HEARING HELD-NOT GUILTY,Q,04/21/2016,"{'url': 'http://nycserv.nyc.gov/NYCServWeb/ShowImage?searchID=VDBSSk1rMUVWWGxPUkUxM1RXYzlQUT09&locationName=_____________________', 'description': 'View Summons'}",NY,PAS
